year,startDate,endDate,title,categories,bodyPreview,id
2026,2026-01-05,2026-01-05,朝会,朝会,,AQMkAGYxMDMxYzE5LWQwNTYtNDFkMC1hY2I0LTJkMzE4MzZmYzZiMgBGAAADe3XHpKovcEqjZAJVVJl8FQcAOLdD3RpSp0ia9G3iSC8mxgAAAgENAAAAOLdD3RpSp0ia9G3iSC8mxgAE1o9YzgAAAA==
2026,2026-01-05,2026-01-05,年始挨拶レター,対外発信,,AQMkAGYxMDMxYzE5LWQwNTYtNDFkMC1hY2I0LTJkMzE4MzZmYzZiMgBGAAADe3XHpKovcEqjZAJVVJl8FQcAOLdD3RpSp0ia9G3iSC8mxgAAAgENAAAAOLdD3RpSp0ia9G3iSC8mxgAE3QEPaAAAAA==
2026,2026-01-19,2026-01-19,朝会,朝会,,AQMkAGYxMDMxYzE5LWQwNTYtNDFkMC1hY2I0LTJkMzE4MzZmYzZiMgBGAAADe3XHpKovcEqjZAJVVJl8FQcAOLdD3RpSp0ia9G3iSC8mxgAAAgENAAAAOLdD3RpSp0ia9G3iSC8mxgAE0fsYKQAAAA==
2026,2026-01-26,2026-01-26,朝会,朝会,,AQMkAGYxMDMxYzE5LWQwNTYtNDFkMC1hY2I0LTJkMzE4MzZmYzZiMgBGAAADe3XHpKovcEqjZAJVVJl8FQcAOLdD3RpSp0ia9G3iSC8mxgAAAgENAAAAOLdD3RpSp0ia9G3iSC8mxgAE1o9YzwAAAA==
2026,2026-02-02,2026-02-02,朝会,朝会,,AQMkAGYxMDMxYzE5LWQwNTYtNDFkMC1hY2I0LTJkMzE4MzZmYzZiMgBGAAADe3XHpKovcEqjZAJVVJl8FQcAOLdD3RpSp0ia9G3iSC8mxgAAAgENAAAAOLdD3RpSp0ia9G3iSC8mxgAE2OSaWQAAAA==
2026,2026-02-09,2026-02-09,朝会,朝会,,AQMkAGYxMDMxYzE5LWQwNTYtNDFkMC1hY2I0LTJkMzE4MzZmYzZiMgBGAAADe3XHpKovcEqjZAJVVJl8FQcAOLdD3RpSp0ia9G3iSC8mxgAAAgENAAAAOLdD3RpSp0ia9G3iSC8mxgAE2OSaQAAAAA==
2026,2026-02-13,2026-02-13,コネクトラボ勉強会,社内勉強会,,AQMkAGYxMDMxYzE5LWQwNTYtNDFkMC1hY2I0LTJkMzE4MzZmYzZiMgBGAAADe3XHpKovcEqjZAJVVJl8FQcAOLdD3RpSp0ia9G3iSC8mxgAAAgENAAAAOLdD3RpSp0ia9G3iSC8mxgAE3QEPbAAAAA==
2026,2026-02-15,2026-02-23,一得設計 休み,パートナー休み,,AQMkAGYxMDMxYzE5LWQwNTYtNDFkMC1hY2I0LTJkMzE4MzZmYzZiMgBGAAADe3XHpKovcEqjZAJVVJl8FQcAOLdD3RpSp0ia9G3iSC8mxgAAAgENAAAAOLdD3RpSp0ia9G3iSC8mxgAE3QEPYQAAAA==
2026,2026-02-16,2026-02-16,朝会,朝会,,AQMkAGYxMDMxYzE5LWQwNTYtNDFkMC1hY2I0LTJkMzE4MzZmYzZiMgBGAAADe3XHpKovcEqjZAJVVJl8FQcAOLdD3RpSp0ia9G3iSC8mxgAAAgENAAAAOLdD3RpSp0ia9G3iSC8mxgAE2OSaUwAAAA==
2026,2026-02-20,2026-02-23,京都diploma,CSR,,AQMkAGYxMDMxYzE5LWQwNTYtNDFkMC1hY2I0LTJkMzE4MzZmYzZiMgBGAAADe3XHpKovcEqjZAJVVJl8FQcAOLdD3RpSp0ia9G3iSC8mxgAAAgENAAAAOLdD3RpSp0ia9G3iSC8mxgAE3QEPZAAAAA==
2026,2026-03-03,2026-03-08,トウキョウ建築コレクション,CSR,,AQMkAGYxMDMxYzE5LWQwNTYtNDFkMC1hY2I0LTJkMzE4MzZmYzZiMgBGAAADe3XHpKovcEqjZAJVVJl8FQcAOLdD3RpSp0ia9G3iSC8mxgAAAgENAAAAOLdD3RpSp0ia9G3iSC8mxgAE3QEPZQAAAA==
2026,2026-03-07,2026-03-08,fdファsd,朝会,,AQMkAGYxMDMxYzE5LWQwNTYtNDFkMC1hY2I0LTJkMzE4MzZmYzZiMgBGAAADe3XHpKovcEqjZAJVVJl8FQcAOLdD3RpSp0ia9G3iSC8mxgAAAgENAAAAOLdD3RpSp0ia9G3iSC8mxgAE0KUciQAAAA==
2026,2026-03-07,2026-03-08,FELLOWS子どもミュージカル,CSR,,AQMkAGYxMDMxYzE5LWQwNTYtNDFkMC1hY2I0LTJkMzE4MzZmYzZiMgBGAAADe3XHpKovcEqjZAJVVJl8FQcAOLdD3RpSp0ia9G3iSC8mxgAAAgENAAAAOLdD3RpSp0ia9G3iSC8mxgAE3QEPZwAAAA==
2026,2026-03-08,2026-03-15,せんだいデザインリーグ,CSR,,AQMkAGYxMDMxYzE5LWQwNTYtNDFkMC1hY2I0LTJkMzE4MzZmYzZiMgBGAAADe3XHpKovcEqjZAJVVJl8FQcAOLdD3RpSp0ia9G3iSC8mxgAAAgENAAAAOLdD3RpSp0ia9G3iSC8mxgAE3QEPZgAAAA==
2026,2026-03-09,2026-03-09,朝会,朝会,,AQMkAGYxMDMxYzE5LWQwNTYtNDFkMC1hY2I0LTJkMzE4MzZmYzZiMgBGAAADe3XHpKovcEqjZAJVVJl8FQcAOLdD3RpSp0ia9G3iSC8mxgAAAgENAAAAOLdD3RpSp0ia9G3iSC8mxgAE2tOaegAAAA==
2026,2026-03-10,2026-03-10,近代建築 3月号,メディア露出,,AQMkAGYxMDMxYzE5LWQwNTYtNDFkMC1hY2I0LTJkMzE4MzZmYzZiMgBGAAADe3XHpKovcEqjZAJVVJl8FQcAOLdD3RpSp0ia9G3iSC8mxgAAAgENAAAAOLdD3RpSp0ia9G3iSC8mxgAE3QEPYgAAAA==
2026,2026-03-16,2026-03-16,朝会,朝会,,AQMkAGYxMDMxYzE5LWQwNTYtNDFkMC1hY2I0LTJkMzE4MzZmYzZiMgBGAAADe3XHpKovcEqjZAJVVJl8FQcAOLdD3RpSp0ia9G3iSC8mxgAAAgENAAAAOLdD3RpSp0ia9G3iSC8mxgAE1o9Y0wAAAA==
2026,2026-03-30,2026-03-30,3S circulation_DAY5,CSR,,AQMkAGYxMDMxYzE5LWQwNTYtNDFkMC1hY2I0LTJkMzE4MzZmYzZiMgBGAAADe3XHpKovcEqjZAJVVJl8FQcAOLdD3RpSp0ia9G3iSC8mxgAAAgENAAAAOLdD3RpSp0ia9G3iSC8mxgAE3QEPYwAAAA==
2026,2026-03-30,2026-05-14,日本空間デザイン賞_応募期間,アワード,https://kukan.design/detail-guidelines/,AQMkAGYxMDMxYzE5LWQwNTYtNDFkMC1hY2I0LTJkMzE4MzZmYzZiMgBGAAADe3XHpKovcEqjZAJVVJl8FQcAOLdD3RpSp0ia9G3iSC8mxgAAAgENAAAAOLdD3RpSp0ia9G3iSC8mxgAE3QEPWwAAAA==
2026,2026-04-01,2026-05-21,グッドデザイン賞_応募期間,アワード,,AQMkAGYxMDMxYzE5LWQwNTYtNDFkMC1hY2I0LTJkMzE4MzZmYzZiMgBGAAADe3XHpKovcEqjZAJVVJl8FQcAOLdD3RpSp0ia9G3iSC8mxgAAAgENAAAAOLdD3RpSp0ia9G3iSC8mxgAE3QEPdAAAAA==
2026,2026-04-06,2026-04-06,朝会,朝会,サークルマネージャー会議（teams）,AQMkAGYxMDMxYzE5LWQwNTYtNDFkMC1hY2I0LTJkMzE4MzZmYzZiMgBGAAADe3XHpKovcEqjZAJVVJl8FQcAOLdD3RpSp0ia9G3iSC8mxgAAAgENAAAAOLdD3RpSp0ia9G3iSC8mxgAE1o9Y1gAAAA==
2026,2026-04-13,2026-04-13,朝会,朝会,サークルミーティング（teams）,AQMkAGYxMDMxYzE5LWQwNTYtNDFkMC1hY2I0LTJkMzE4MzZmYzZiMgBGAAADe3XHpKovcEqjZAJVVJl8FQcAOLdD3RpSp0ia9G3iSC8mxgAAAgENAAAAOLdD3RpSp0ia9G3iSC8mxgAE1o9Y1wAAAA==
2026,2026-04-20,2026-04-20,朝会,朝会,管理部＋サークルマネージャー＋マネージメント室 ＋役員（ZOOM）,AQMkAGYxMDMxYzE5LWQwNTYtNDFkMC1hY2I0LTJkMzE4MzZmYzZiMgBGAAADe3XHpKovcEqjZAJVVJl8FQcAOLdD3RpSp0ia9G3iSC8mxgAAAgENAAAAOLdD3RpSp0ia9G3iSC8mxgAE1o9Y2AAAAA==
2026,2026-04-27,2026-04-27,朝会,朝会,サークルミーティング（teams）,AQMkAGYxMDMxYzE5LWQwNTYtNDFkMC1hY2I0LTJkMzE4MzZmYzZiMgBGAAADe3XHpKovcEqjZAJVVJl8FQcAOLdD3RpSp0ia9G3iSC8mxgAAAgENAAAAOLdD3RpSp0ia9G3iSC8mxgAE1o9Y2QAAAA==
2026,2026-05-11,2026-05-11,朝会,朝会,サークルマネージャー会議（teams）,AQMkAGYxMDMxYzE5LWQwNTYtNDFkMC1hY2I0LTJkMzE4MzZmYzZiMgBGAAADe3XHpKovcEqjZAJVVJl8FQcAOLdD3RpSp0ia9G3iSC8mxgAAAgENAAAAOLdD3RpSp0ia9G3iSC8mxgAE1o9YwgAAAA==
2026,2026-05-18,2026-05-18,朝会,朝会,サークルミーティング（teams）,AQMkAGYxMDMxYzE5LWQwNTYtNDFkMC1hY2I0LTJkMzE4MzZmYzZiMgBGAAADe3XHpKovcEqjZAJVVJl8FQcAOLdD3RpSp0ia9G3iSC8mxgAAAgENAAAAOLdD3RpSp0ia9G3iSC8mxgAE1o9YxAAAAA==
2026,2026-05-18,2026-05-18,BBQ,社内イベント,■場所：キラナガーデン豊洲　CABINエリア 〒135-0061 東京都江東区豊洲６丁目５−２７ https://www.kiranahresort-toyosu.com/  ■時間：11～15時,AQMkAGYxMDMxYzE5LWQwNTYtNDFkMC1hY2I0LTJkMzE4MzZmYzZiMgBGAAADe3XHpKovcEqjZAJVVJl8FQcAOLdD3RpSp0ia9G3iSC8mxgAAAgENAAAAOLdD3RpSp0ia9G3iSC8mxgAE3QEPWQAAAA==
2026,2026-05-25,2026-05-25,朝会,朝会,管理部＋サークルマネージャー＋マネージメント室 ＋役員（ZOOM）,AQMkAGYxMDMxYzE5LWQwNTYtNDFkMC1hY2I0LTJkMzE4MzZmYzZiMgBGAAADe3XHpKovcEqjZAJVVJl8FQcAOLdD3RpSp0ia9G3iSC8mxgAAAgENAAAAOLdD3RpSp0ia9G3iSC8mxgAE1o9Y2gAAAA==
2026,2026-06-01,2026-06-01,朝会,朝会,サークルマネージャー会議（teams）,AQMkAGYxMDMxYzE5LWQwNTYtNDFkMC1hY2I0LTJkMzE4MzZmYzZiMgBGAAADe3XHpKovcEqjZAJVVJl8FQcAOLdD3RpSp0ia9G3iSC8mxgAAAgENAAAAOLdD3RpSp0ia9G3iSC8mxgAE1o9Y2wAAAA==
2026,2026-06-08,2026-06-08,朝会,朝会,サークルミーティング（teams）,AQMkAGYxMDMxYzE5LWQwNTYtNDFkMC1hY2I0LTJkMzE4MzZmYzZiMgBGAAADe3XHpKovcEqjZAJVVJl8FQcAOLdD3RpSp0ia9G3iSC8mxgAAAgENAAAAOLdD3RpSp0ia9G3iSC8mxgAE1o9Y3AAAAA==
2026,2026-06-15,2026-06-15,朝会,朝会,管理部＋サークルマネージャー＋マネージメント室 ＋役員（ZOOM）,AQMkAGYxMDMxYzE5LWQwNTYtNDFkMC1hY2I0LTJkMzE4MzZmYzZiMgBGAAADe3XHpKovcEqjZAJVVJl8FQcAOLdD3RpSp0ia9G3iSC8mxgAAAgENAAAAOLdD3RpSp0ia9G3iSC8mxgAE1o9Y3QAAAA==
2026,2026-06-22,2026-06-22,朝会,朝会,サークルマネージャー会議（teams）,AQMkAGYxMDMxYzE5LWQwNTYtNDFkMC1hY2I0LTJkMzE4MzZmYzZiMgBGAAADe3XHpKovcEqjZAJVVJl8FQcAOLdD3RpSp0ia9G3iSC8mxgAAAgENAAAAOLdD3RpSp0ia9G3iSC8mxgAE1o9Y3gAAAA==
2026,2026-06-25,2026-08-01,（仮）日本建築家協会 優秀建築選_応募期間,アワード,2026年は未発表  ※参考　2025年応募要項 https://www.jia.or.jp/jia-official/cms/wp-content/uploads/2025/06/b6818375777350f7bf6124f640a61272.pdf,AQMkAGYxMDMxYzE5LWQwNTYtNDFkMC1hY2I0LTJkMzE4MzZmYzZiMgBGAAADe3XHpKovcEqjZAJVVJl8FQcAOLdD3RpSp0ia9G3iSC8mxgAAAgENAAAAOLdD3RpSp0ia9G3iSC8mxgAE3QEPXgAAAA==
2026,2026-06-29,2026-06-29,朝会,朝会,,AQMkAGYxMDMxYzE5LWQwNTYtNDFkMC1hY2I0LTJkMzE4MzZmYzZiMgBGAAADe3XHpKovcEqjZAJVVJl8FQcAOLdD3RpSp0ia9G3iSC8mxgAAAgENAAAAOLdD3RpSp0ia9G3iSC8mxgAE1o9Y4AAAAA==
2026,2026-06-30,2026-06-30,グッドデザイン賞_一次審査結果,アワード,https://www.g-mark.org/apply/gda/guide/outlines,AQMkAGYxMDMxYzE5LWQwNTYtNDFkMC1hY2I0LTJkMzE4MzZmYzZiMgBGAAADe3XHpKovcEqjZAJVVJl8FQcAOLdD3RpSp0ia9G3iSC8mxgAAAgENAAAAOLdD3RpSp0ia9G3iSC8mxgAE3QEPVwAAAA==
2026,2026-06-30,2026-07-07,グッドデザイン賞_二次審査情報_登録期間,アワード,,AQMkAGYxMDMxYzE5LWQwNTYtNDFkMC1hY2I0LTJkMzE4MzZmYzZiMgBGAAADe3XHpKovcEqjZAJVVJl8FQcAOLdD3RpSp0ia9G3iSC8mxgAAAgENAAAAOLdD3RpSp0ia9G3iSC8mxgAE3QEPcAAAAA==
2026,2026-07-01,2026-09-30,夏休み取得期間,GYRO休み,,AQMkAGYxMDMxYzE5LWQwNTYtNDFkMC1hY2I0LTJkMzE4MzZmYzZiMgBGAAADe3XHpKovcEqjZAJVVJl8FQcAOLdD3RpSp0ia9G3iSC8mxgAAAgENAAAAOLdD3RpSp0ia9G3iSC8mxgAE3QEPVgAAAA==
2026,2026-07-05,2026-07-05,二級建築士_学科,資格,,AQMkAGYxMDMxYzE5LWQwNTYtNDFkMC1hY2I0LTJkMzE4MzZmYzZiMgBGAAADe3XHpKovcEqjZAJVVJl8FQcAOLdD3RpSp0ia9G3iSC8mxgAAAgENAAAAOLdD3RpSp0ia9G3iSC8mxgAE3QEPYAAAAA==
2026,2026-07-06,2026-07-06,朝会,朝会,サークルマネージャー会議（teams）,AQMkAGYxMDMxYzE5LWQwNTYtNDFkMC1hY2I0LTJkMzE4MzZmYzZiMgBGAAADe3XHpKovcEqjZAJVVJl8FQcAOLdD3RpSp0ia9G3iSC8mxgAAAgENAAAAOLdD3RpSp0ia9G3iSC8mxgAE1o9Y4QAAAA==
2026,2026-07-13,2026-07-13,朝会,朝会,サークルミーティング（teams）,AQMkAGYxMDMxYzE5LWQwNTYtNDFkMC1hY2I0LTJkMzE4MzZmYzZiMgBGAAADe3XHpKovcEqjZAJVVJl8FQcAOLdD3RpSp0ia9G3iSC8mxgAAAgENAAAAOLdD3RpSp0ia9G3iSC8mxgAE1o9Y4gAAAA==
2026,2026-07-26,2026-07-26,一級建築士_学科,資格,,AQMkAGYxMDMxYzE5LWQwNTYtNDFkMC1hY2I0LTJkMzE4MzZmYzZiMgBGAAADe3XHpKovcEqjZAJVVJl8FQcAOLdD3RpSp0ia9G3iSC8mxgAAAgENAAAAOLdD3RpSp0ia9G3iSC8mxgAE3QEPXwAAAA==
2026,2026-07-27,2026-07-27,朝会,朝会,管理部＋サークルマネージャー＋マネージメント室 ＋役員（ZOOM）,AQMkAGYxMDMxYzE5LWQwNTYtNDFkMC1hY2I0LTJkMzE4MzZmYzZiMgBGAAADe3XHpKovcEqjZAJVVJl8FQcAOLdD3RpSp0ia9G3iSC8mxgAAAgENAAAAOLdD3RpSp0ia9G3iSC8mxgAE1o9Y4wAAAA==
2026,2026-08-01,2026-12-01,（仮）ADFデザイン_応募期間,アワード,2026年は未発表  ※参考：2025年情報 https://www.adf.or.jp/adfaward/?id=1756161125-291108,AQMkAGYxMDMxYzE5LWQwNTYtNDFkMC1hY2I0LTJkMzE4MzZmYzZiMgBGAAADe3XHpKovcEqjZAJVVJl8FQcAOLdD3RpSp0ia9G3iSC8mxgAAAgENAAAAOLdD3RpSp0ia9G3iSC8mxgAE3QEPXAAAAA==
2026,2026-08-03,2026-08-03,朝会,朝会,,AQMkAGYxMDMxYzE5LWQwNTYtNDFkMC1hY2I0LTJkMzE4MzZmYzZiMgBGAAADe3XHpKovcEqjZAJVVJl8FQcAOLdD3RpSp0ia9G3iSC8mxgAAAgENAAAAOLdD3RpSp0ia9G3iSC8mxgAE1o9Y5AAAAA==
2026,2026-08-10,2026-08-10,朝会,朝会,,AQMkAGYxMDMxYzE5LWQwNTYtNDFkMC1hY2I0LTJkMzE4MzZmYzZiMgBGAAADe3XHpKovcEqjZAJVVJl8FQcAOLdD3RpSp0ia9G3iSC8mxgAAAgENAAAAOLdD3RpSp0ia9G3iSC8mxgAE1o9Y5QAAAA==
2026,2026-08-17,2026-08-17,朝会,朝会,,AQMkAGYxMDMxYzE5LWQwNTYtNDFkMC1hY2I0LTJkMzE4MzZmYzZiMgBGAAADe3XHpKovcEqjZAJVVJl8FQcAOLdD3RpSp0ia9G3iSC8mxgAAAgENAAAAOLdD3RpSp0ia9G3iSC8mxgAE2OSaPwAAAA==
2026,2026-08-24,2026-08-24,朝会,朝会,,AQMkAGYxMDMxYzE5LWQwNTYtNDFkMC1hY2I0LTJkMzE4MzZmYzZiMgBGAAADe3XHpKovcEqjZAJVVJl8FQcAOLdD3RpSp0ia9G3iSC8mxgAAAgENAAAAOLdD3RpSp0ia9G3iSC8mxgAE1o9Y5wAAAA==
2026,2026-08-25,2026-08-25,グッドデザイン賞_二次審査結果,アワード,,AQMkAGYxMDMxYzE5LWQwNTYtNDFkMC1hY2I0LTJkMzE4MzZmYzZiMgBGAAADe3XHpKovcEqjZAJVVJl8FQcAOLdD3RpSp0ia9G3iSC8mxgAAAgENAAAAOLdD3RpSp0ia9G3iSC8mxgAE3QEPcQAAAA==
2026,2026-08-25,2026-09-01,グッドデザイン賞_公開情報・受賞展展示情報の登録期間,アワード,,AQMkAGYxMDMxYzE5LWQwNTYtNDFkMC1hY2I0LTJkMzE4MzZmYzZiMgBGAAADe3XHpKovcEqjZAJVVJl8FQcAOLdD3RpSp0ia9G3iSC8mxgAAAgENAAAAOLdD3RpSp0ia9G3iSC8mxgAE3QEPcgAAAA==
2026,2026-08-31,2026-08-31,朝会,朝会,,AQMkAGYxMDMxYzE5LWQwNTYtNDFkMC1hY2I0LTJkMzE4MzZmYzZiMgBGAAADe3XHpKovcEqjZAJVVJl8FQcAOLdD3RpSp0ia9G3iSC8mxgAAAgENAAAAOLdD3RpSp0ia9G3iSC8mxgAE1o9Y6AAAAA==
2026,2026-09-07,2026-09-07,朝会,朝会,,AQMkAGYxMDMxYzE5LWQwNTYtNDFkMC1hY2I0LTJkMzE4MzZmYzZiMgBGAAADe3XHpKovcEqjZAJVVJl8FQcAOLdD3RpSp0ia9G3iSC8mxgAAAgENAAAAOLdD3RpSp0ia9G3iSC8mxgAE1o9Y6QAAAA==
2026,2026-09-13,2026-09-13,二級建築士_製図,資格,,AQMkAGYxMDMxYzE5LWQwNTYtNDFkMC1hY2I0LTJkMzE4MzZmYzZiMgBGAAADe3XHpKovcEqjZAJVVJl8FQcAOLdD3RpSp0ia9G3iSC8mxgAAAgENAAAAOLdD3RpSp0ia9G3iSC8mxgAE3QEPbgAAAA==
2026,2026-09-14,2026-09-14,朝会,朝会,,AQMkAGYxMDMxYzE5LWQwNTYtNDFkMC1hY2I0LTJkMzE4MzZmYzZiMgBGAAADe3XHpKovcEqjZAJVVJl8FQcAOLdD3RpSp0ia9G3iSC8mxgAAAgENAAAAOLdD3RpSp0ia9G3iSC8mxgAE1o9Y6gAAAA==
2026,2026-09-28,2026-09-28,朝会,朝会,,AQMkAGYxMDMxYzE5LWQwNTYtNDFkMC1hY2I0LTJkMzE4MzZmYzZiMgBGAAADe3XHpKovcEqjZAJVVJl8FQcAOLdD3RpSp0ia9G3iSC8mxgAAAgENAAAAOLdD3RpSp0ia9G3iSC8mxgAE1o9Y6wAAAA==
2026,2026-10-05,2026-10-05,朝会,朝会,,AQMkAGYxMDMxYzE5LWQwNTYtNDFkMC1hY2I0LTJkMzE4MzZmYzZiMgBGAAADe3XHpKovcEqjZAJVVJl8FQcAOLdD3RpSp0ia9G3iSC8mxgAAAgENAAAAOLdD3RpSp0ia9G3iSC8mxgAE1o9Y7AAAAA==
2026,2026-10-11,2026-10-11,一級建築士_製図,資格,,AQMkAGYxMDMxYzE5LWQwNTYtNDFkMC1hY2I0LTJkMzE4MzZmYzZiMgBGAAADe3XHpKovcEqjZAJVVJl8FQcAOLdD3RpSp0ia9G3iSC8mxgAAAgENAAAAOLdD3RpSp0ia9G3iSC8mxgAE3QEPbwAAAA==
2026,2026-10-15,2026-10-15,グッドデザイン賞_受賞発表,アワード,,AQMkAGYxMDMxYzE5LWQwNTYtNDFkMC1hY2I0LTJkMzE4MzZmYzZiMgBGAAADe3XHpKovcEqjZAJVVJl8FQcAOLdD3RpSp0ia9G3iSC8mxgAAAgENAAAAOLdD3RpSp0ia9G3iSC8mxgAE3QEPcwAAAA==
2026,2026-10-19,2026-10-19,朝会,朝会,,AQMkAGYxMDMxYzE5LWQwNTYtNDFkMC1hY2I0LTJkMzE4MzZmYzZiMgBGAAADe3XHpKovcEqjZAJVVJl8FQcAOLdD3RpSp0ia9G3iSC8mxgAAAgENAAAAOLdD3RpSp0ia9G3iSC8mxgAE1o9Y7gAAAA==
2026,2026-10-26,2026-10-26,朝会,朝会,,AQMkAGYxMDMxYzE5LWQwNTYtNDFkMC1hY2I0LTJkMzE4MzZmYzZiMgBGAAADe3XHpKovcEqjZAJVVJl8FQcAOLdD3RpSp0ia9G3iSC8mxgAAAgENAAAAOLdD3RpSp0ia9G3iSC8mxgAE1o9Y7wAAAA==
2026,2026-11-02,2026-11-02,朝会,朝会,,AQMkAGYxMDMxYzE5LWQwNTYtNDFkMC1hY2I0LTJkMzE4MzZmYzZiMgBGAAADe3XHpKovcEqjZAJVVJl8FQcAOLdD3RpSp0ia9G3iSC8mxgAAAgENAAAAOLdD3RpSp0ia9G3iSC8mxgAE1o9Y8AAAAA==
2026,2026-11-09,2026-11-09,朝会,朝会,,AQMkAGYxMDMxYzE5LWQwNTYtNDFkMC1hY2I0LTJkMzE4MzZmYzZiMgBGAAADe3XHpKovcEqjZAJVVJl8FQcAOLdD3RpSp0ia9G3iSC8mxgAAAgENAAAAOLdD3RpSp0ia9G3iSC8mxgAE1o9Y8QAAAA==
2026,2026-11-16,2026-11-16,朝会,朝会,,AQMkAGYxMDMxYzE5LWQwNTYtNDFkMC1hY2I0LTJkMzE4MzZmYzZiMgBGAAADe3XHpKovcEqjZAJVVJl8FQcAOLdD3RpSp0ia9G3iSC8mxgAAAgENAAAAOLdD3RpSp0ia9G3iSC8mxgAE1o9Y8gAAAA==
2026,2026-11-30,2026-11-30,朝会,朝会,,AQMkAGYxMDMxYzE5LWQwNTYtNDFkMC1hY2I0LTJkMzE4MzZmYzZiMgBGAAADe3XHpKovcEqjZAJVVJl8FQcAOLdD3RpSp0ia9G3iSC8mxgAAAgENAAAAOLdD3RpSp0ia9G3iSC8mxgAE1o9Y8wAAAA==
2026,2026-12-07,2026-12-07,朝会,朝会,,AQMkAGYxMDMxYzE5LWQwNTYtNDFkMC1hY2I0LTJkMzE4MzZmYzZiMgBGAAADe3XHpKovcEqjZAJVVJl8FQcAOLdD3RpSp0ia9G3iSC8mxgAAAgENAAAAOLdD3RpSp0ia9G3iSC8mxgAE1o9Y9AAAAA==
2026,2026-12-11,2026-12-11,（仮）GYRO AWARD 2026,社内イベント,,AQMkAGYxMDMxYzE5LWQwNTYtNDFkMC1hY2I0LTJkMzE4MzZmYzZiMgBGAAADe3XHpKovcEqjZAJVVJl8FQcAOLdD3RpSp0ia9G3iSC8mxgAAAgENAAAAOLdD3RpSp0ia9G3iSC8mxgAE3QEPWgAAAA==
2026,2026-12-14,2026-12-14,朝会,朝会,,AQMkAGYxMDMxYzE5LWQwNTYtNDFkMC1hY2I0LTJkMzE4MzZmYzZiMgBGAAADe3XHpKovcEqjZAJVVJl8FQcAOLdD3RpSp0ia9G3iSC8mxgAAAgENAAAAOLdD3RpSp0ia9G3iSC8mxgAE1o9Y9QAAAA==
2026,2026-12-21,2026-12-21,朝会,朝会,,AQMkAGYxMDMxYzE5LWQwNTYtNDFkMC1hY2I0LTJkMzE4MzZmYzZiMgBGAAADe3XHpKovcEqjZAJVVJl8FQcAOLdD3RpSp0ia9G3iSC8mxgAAAgENAAAAOLdD3RpSp0ia9G3iSC8mxgAE1o9Y9gAAAA==
2026,2026-12-28,2026-12-28,朝会,朝会,,AQMkAGYxMDMxYzE5LWQwNTYtNDFkMC1hY2I0LTJkMzE4MzZmYzZiMgBGAAADe3XHpKovcEqjZAJVVJl8FQcAOLdD3RpSp0ia9G3iSC8mxgAAAgENAAAAOLdD3RpSp0ia9G3iSC8mxgAE1o9Y9wAAAA==
2026,2026-12-29,2027-01-04,（仮）年末年始休暇,GYRO休み,,AQMkAGYxMDMxYzE5LWQwNTYtNDFkMC1hY2I0LTJkMzE4MzZmYzZiMgBGAAADe3XHpKovcEqjZAJVVJl8FQcAOLdD3RpSp0ia9G3iSC8mxgAAAgENAAAAOLdD3RpSp0ia9G3iSC8mxgAE3QEPXQAAAA==
2026,2026-12-29,2027-01-04,（仮）年末年始休暇,GYRO休み,,AQMkAGYxMDMxYzE5LWQwNTYtNDFkMC1hY2I0LTJkMzE4MzZmYzZiMgBGAAADe3XHpKovcEqjZAJVVJl8FQcAOLdD3RpSp0ia9G3iSC8mxgAAAgENAAAAOLdD3RpSp0ia9G3iSC8mxgAE3QEPawAAAA==
2027,2026-12-29,2027-01-04,（仮）年末年始休暇,GYRO休み,,AQMkAGYxMDMxYzE5LWQwNTYtNDFkMC1hY2I0LTJkMzE4MzZmYzZiMgBGAAADe3XHpKovcEqjZAJVVJl8FQcAOLdD3RpSp0ia9G3iSC8mxgAAAgENAAAAOLdD3RpSp0ia9G3iSC8mxgAE3QEPXQAAAA==
2027,2026-12-29,2027-01-04,（仮）年末年始休暇,GYRO休み,,AQMkAGYxMDMxYzE5LWQwNTYtNDFkMC1hY2I0LTJkMzE4MzZmYzZiMgBGAAADe3XHpKovcEqjZAJVVJl8FQcAOLdD3RpSp0ia9G3iSC8mxgAAAgENAAAAOLdD3RpSp0ia9G3iSC8mxgAE3QEPawAAAA==
2027,2027-01-05,2027-01-05,年始挨拶レター,対外発信,,AQMkAGYxMDMxYzE5LWQwNTYtNDFkMC1hY2I0LTJkMzE4MzZmYzZiMgBGAAADe3XHpKovcEqjZAJVVJl8FQcAOLdD3RpSp0ia9G3iSC8mxgAAAgENAAAAOLdD3RpSp0ia9G3iSC8mxgAE3QEP8QAAAA==
2027,2027-01-05,2027-01-05,年始挨拶レター,対外発信,,AQMkAGYxMDMxYzE5LWQwNTYtNDFkMC1hY2I0LTJkMzE4MzZmYzZiMgBGAAADe3XHpKovcEqjZAJVVJl8FQcAOLdD3RpSp0ia9G3iSC8mxgAAAgENAAAAOLdD3RpSp0ia9G3iSC8mxgAE3QEQDAAAAA==
2027,2027-01-05,2027-01-05,年始挨拶レター,対外発信,,AQMkAGYxMDMxYzE5LWQwNTYtNDFkMC1hY2I0LTJkMzE4MzZmYzZiMgBGAAADe3XHpKovcEqjZAJVVJl8FQcAOLdD3RpSp0ia9G3iSC8mxgAAAgENAAAAOLdD3RpSp0ia9G3iSC8mxgAE3QEQJwAAAA==
2027,2027-02-13,2027-02-13,コネクトラボ勉強会,社内勉強会,,AQMkAGYxMDMxYzE5LWQwNTYtNDFkMC1hY2I0LTJkMzE4MzZmYzZiMgBGAAADe3XHpKovcEqjZAJVVJl8FQcAOLdD3RpSp0ia9G3iSC8mxgAAAgENAAAAOLdD3RpSp0ia9G3iSC8mxgAE3QEP8gAAAA==
2027,2027-02-13,2027-02-13,コネクトラボ勉強会,社内勉強会,,AQMkAGYxMDMxYzE5LWQwNTYtNDFkMC1hY2I0LTJkMzE4MzZmYzZiMgBGAAADe3XHpKovcEqjZAJVVJl8FQcAOLdD3RpSp0ia9G3iSC8mxgAAAgENAAAAOLdD3RpSp0ia9G3iSC8mxgAE3QEQDQAAAA==
2027,2027-02-13,2027-02-13,コネクトラボ勉強会,社内勉強会,,AQMkAGYxMDMxYzE5LWQwNTYtNDFkMC1hY2I0LTJkMzE4MzZmYzZiMgBGAAADe3XHpKovcEqjZAJVVJl8FQcAOLdD3RpSp0ia9G3iSC8mxgAAAgENAAAAOLdD3RpSp0ia9G3iSC8mxgAE3QEQKAAAAA==
2027,2027-02-15,2027-02-23,一得設計 休み,パートナー休み,,AQMkAGYxMDMxYzE5LWQwNTYtNDFkMC1hY2I0LTJkMzE4MzZmYzZiMgBGAAADe3XHpKovcEqjZAJVVJl8FQcAOLdD3RpSp0ia9G3iSC8mxgAAAgENAAAAOLdD3RpSp0ia9G3iSC8mxgAE3QEP8wAAAA==
2027,2027-02-15,2027-02-23,一得設計 休み,パートナー休み,,AQMkAGYxMDMxYzE5LWQwNTYtNDFkMC1hY2I0LTJkMzE4MzZmYzZiMgBGAAADe3XHpKovcEqjZAJVVJl8FQcAOLdD3RpSp0ia9G3iSC8mxgAAAgENAAAAOLdD3RpSp0ia9G3iSC8mxgAE3QEQDgAAAA==
2027,2027-02-15,2027-02-23,一得設計 休み,パートナー休み,,AQMkAGYxMDMxYzE5LWQwNTYtNDFkMC1hY2I0LTJkMzE4MzZmYzZiMgBGAAADe3XHpKovcEqjZAJVVJl8FQcAOLdD3RpSp0ia9G3iSC8mxgAAAgENAAAAOLdD3RpSp0ia9G3iSC8mxgAE3QEQKQAAAA==
2027,2027-02-20,2027-02-23,京都diploma,CSR,,AQMkAGYxMDMxYzE5LWQwNTYtNDFkMC1hY2I0LTJkMzE4MzZmYzZiMgBGAAADe3XHpKovcEqjZAJVVJl8FQcAOLdD3RpSp0ia9G3iSC8mxgAAAgENAAAAOLdD3RpSp0ia9G3iSC8mxgAE3QEP9AAAAA==
2027,2027-02-20,2027-02-23,京都diploma,CSR,,AQMkAGYxMDMxYzE5LWQwNTYtNDFkMC1hY2I0LTJkMzE4MzZmYzZiMgBGAAADe3XHpKovcEqjZAJVVJl8FQcAOLdD3RpSp0ia9G3iSC8mxgAAAgENAAAAOLdD3RpSp0ia9G3iSC8mxgAE3QEQDwAAAA==
2027,2027-02-20,2027-02-23,京都diploma,CSR,,AQMkAGYxMDMxYzE5LWQwNTYtNDFkMC1hY2I0LTJkMzE4MzZmYzZiMgBGAAADe3XHpKovcEqjZAJVVJl8FQcAOLdD3RpSp0ia9G3iSC8mxgAAAgENAAAAOLdD3RpSp0ia9G3iSC8mxgAE3QEQKgAAAA==
2027,2027-03-03,2027-03-08,トウキョウ建築コレクション,CSR,,AQMkAGYxMDMxYzE5LWQwNTYtNDFkMC1hY2I0LTJkMzE4MzZmYzZiMgBGAAADe3XHpKovcEqjZAJVVJl8FQcAOLdD3RpSp0ia9G3iSC8mxgAAAgENAAAAOLdD3RpSp0ia9G3iSC8mxgAE3QEP9QAAAA==
2027,2027-03-03,2027-03-08,トウキョウ建築コレクション,CSR,,AAMkAGYxMDMxYzE5LWQwNTYtNDFkMC1hY2I0LTJkMzE4MzZmYzZiMgBGAAAAAAB7dcekqi9wSqNkAlVUmXwVBwA4t0PdGlKnSJr0beJILybGAAAAAAENAAA4t0PdGlKnSJr0beJILybGAATdARAQAAA=
2027,2027-03-03,2027-03-08,トウキョウ建築コレクション,CSR,,AQMkAGYxMDMxYzE5LWQwNTYtNDFkMC1hY2I0LTJkMzE4MzZmYzZiMgBGAAADe3XHpKovcEqjZAJVVJl8FQcAOLdD3RpSp0ia9G3iSC8mxgAAAgENAAAAOLdD3RpSp0ia9G3iSC8mxgAE3QEQKwAAAA==
2027,2027-03-07,2027-03-08,FELLOWS子どもミュージカル,CSR,,AQMkAGYxMDMxYzE5LWQwNTYtNDFkMC1hY2I0LTJkMzE4MzZmYzZiMgBGAAADe3XHpKovcEqjZAJVVJl8FQcAOLdD3RpSp0ia9G3iSC8mxgAAAgENAAAAOLdD3RpSp0ia9G3iSC8mxgAE3QEP9gAAAA==
2027,2027-03-07,2027-03-08,FELLOWS子どもミュージカル,CSR,,AQMkAGYxMDMxYzE5LWQwNTYtNDFkMC1hY2I0LTJkMzE4MzZmYzZiMgBGAAADe3XHpKovcEqjZAJVVJl8FQcAOLdD3RpSp0ia9G3iSC8mxgAAAgENAAAAOLdD3RpSp0ia9G3iSC8mxgAE3QEQEQAAAA==
2027,2027-03-07,2027-03-08,FELLOWS子どもミュージカル,CSR,,AQMkAGYxMDMxYzE5LWQwNTYtNDFkMC1hY2I0LTJkMzE4MzZmYzZiMgBGAAADe3XHpKovcEqjZAJVVJl8FQcAOLdD3RpSp0ia9G3iSC8mxgAAAgENAAAAOLdD3RpSp0ia9G3iSC8mxgAE3QEQLAAAAA==
2027,2027-03-08,2027-03-15,せんだいデザインリーグ,CSR,,AQMkAGYxMDMxYzE5LWQwNTYtNDFkMC1hY2I0LTJkMzE4MzZmYzZiMgBGAAADe3XHpKovcEqjZAJVVJl8FQcAOLdD3RpSp0ia9G3iSC8mxgAAAgENAAAAOLdD3RpSp0ia9G3iSC8mxgAE3QEP9wAAAA==
2027,2027-03-08,2027-03-15,せんだいデザインリーグ,CSR,,AQMkAGYxMDMxYzE5LWQwNTYtNDFkMC1hY2I0LTJkMzE4MzZmYzZiMgBGAAADe3XHpKovcEqjZAJVVJl8FQcAOLdD3RpSp0ia9G3iSC8mxgAAAgENAAAAOLdD3RpSp0ia9G3iSC8mxgAE3QEQEgAAAA==
2027,2027-03-08,2027-03-15,せんだいデザインリーグ,CSR,,AQMkAGYxMDMxYzE5LWQwNTYtNDFkMC1hY2I0LTJkMzE4MzZmYzZiMgBGAAADe3XHpKovcEqjZAJVVJl8FQcAOLdD3RpSp0ia9G3iSC8mxgAAAgENAAAAOLdD3RpSp0ia9G3iSC8mxgAE3QEQLQAAAA==
2027,2027-03-10,2027-03-10,近代建築 3月号,メディア露出,,AQMkAGYxMDMxYzE5LWQwNTYtNDFkMC1hY2I0LTJkMzE4MzZmYzZiMgBGAAADe3XHpKovcEqjZAJVVJl8FQcAOLdD3RpSp0ia9G3iSC8mxgAAAgENAAAAOLdD3RpSp0ia9G3iSC8mxgAE3QEP_AAAAA==
2027,2027-03-10,2027-03-10,近代建築 3月号,メディア露出,,AQMkAGYxMDMxYzE5LWQwNTYtNDFkMC1hY2I0LTJkMzE4MzZmYzZiMgBGAAADe3XHpKovcEqjZAJVVJl8FQcAOLdD3RpSp0ia9G3iSC8mxgAAAgENAAAAOLdD3RpSp0ia9G3iSC8mxgAE3QEQEwAAAA==
2027,2027-03-10,2027-03-10,近代建築 3月号,メディア露出,,AQMkAGYxMDMxYzE5LWQwNTYtNDFkMC1hY2I0LTJkMzE4MzZmYzZiMgBGAAADe3XHpKovcEqjZAJVVJl8FQcAOLdD3RpSp0ia9G3iSC8mxgAAAgENAAAAOLdD3RpSp0ia9G3iSC8mxgAE3QEQLgAAAA==
2027,2027-03-30,2027-03-30,3S circulation_DAY5,CSR,,AQMkAGYxMDMxYzE5LWQwNTYtNDFkMC1hY2I0LTJkMzE4MzZmYzZiMgBGAAADe3XHpKovcEqjZAJVVJl8FQcAOLdD3RpSp0ia9G3iSC8mxgAAAgENAAAAOLdD3RpSp0ia9G3iSC8mxgAE3QEP_QAAAA==
2027,2027-03-30,2027-03-30,3S circulation_DAY5,CSR,,AQMkAGYxMDMxYzE5LWQwNTYtNDFkMC1hY2I0LTJkMzE4MzZmYzZiMgBGAAADe3XHpKovcEqjZAJVVJl8FQcAOLdD3RpSp0ia9G3iSC8mxgAAAgENAAAAOLdD3RpSp0ia9G3iSC8mxgAE3QEQFAAAAA==
2027,2027-03-30,2027-03-30,3S circulation_DAY5,CSR,,AQMkAGYxMDMxYzE5LWQwNTYtNDFkMC1hY2I0LTJkMzE4MzZmYzZiMgBGAAADe3XHpKovcEqjZAJVVJl8FQcAOLdD3RpSp0ia9G3iSC8mxgAAAgENAAAAOLdD3RpSp0ia9G3iSC8mxgAE3QEQLwAAAA==
2027,2027-03-30,2027-05-14,日本空間デザイン賞_応募期間,アワード,https://kukan.design/detail-guidelines/,AQMkAGYxMDMxYzE5LWQwNTYtNDFkMC1hY2I0LTJkMzE4MzZmYzZiMgBGAAADe3XHpKovcEqjZAJVVJl8FQcAOLdD3RpSp0ia9G3iSC8mxgAAAgENAAAAOLdD3RpSp0ia9G3iSC8mxgAE3QEP_gAAAA==
2027,2027-03-30,2027-05-14,日本空間デザイン賞_応募期間,アワード,https://kukan.design/detail-guidelines/,AQMkAGYxMDMxYzE5LWQwNTYtNDFkMC1hY2I0LTJkMzE4MzZmYzZiMgBGAAADe3XHpKovcEqjZAJVVJl8FQcAOLdD3RpSp0ia9G3iSC8mxgAAAgENAAAAOLdD3RpSp0ia9G3iSC8mxgAE3QEQFQAAAA==
2027,2027-03-30,2027-05-14,日本空間デザイン賞_応募期間,アワード,https://kukan.design/detail-guidelines/,AQMkAGYxMDMxYzE5LWQwNTYtNDFkMC1hY2I0LTJkMzE4MzZmYzZiMgBGAAADe3XHpKovcEqjZAJVVJl8FQcAOLdD3RpSp0ia9G3iSC8mxgAAAgENAAAAOLdD3RpSp0ia9G3iSC8mxgAE3QEQMAAAAA==
2027,2027-04-01,2027-05-21,グッドデザイン賞_応募期間,アワード,,AQMkAGYxMDMxYzE5LWQwNTYtNDFkMC1hY2I0LTJkMzE4MzZmYzZiMgBGAAADe3XHpKovcEqjZAJVVJl8FQcAOLdD3RpSp0ia9G3iSC8mxgAAAgENAAAAOLdD3RpSp0ia9G3iSC8mxgAE3QEP_wAAAA==
2027,2027-04-01,2027-05-21,グッドデザイン賞_応募期間,アワード,,AQMkAGYxMDMxYzE5LWQwNTYtNDFkMC1hY2I0LTJkMzE4MzZmYzZiMgBGAAADe3XHpKovcEqjZAJVVJl8FQcAOLdD3RpSp0ia9G3iSC8mxgAAAgENAAAAOLdD3RpSp0ia9G3iSC8mxgAE3QEQFgAAAA==
2027,2027-04-01,2027-05-21,グッドデザイン賞_応募期間,アワード,,AQMkAGYxMDMxYzE5LWQwNTYtNDFkMC1hY2I0LTJkMzE4MzZmYzZiMgBGAAADe3XHpKovcEqjZAJVVJl8FQcAOLdD3RpSp0ia9G3iSC8mxgAAAgENAAAAOLdD3RpSp0ia9G3iSC8mxgAE3QEQMQAAAA==
2027,2027-05-18,2027-05-18,BBQ,社内イベント,■場所：キラナガーデン豊洲　CABINエリア 〒135-0061 東京都江東区豊洲６丁目５−２７ https://www.kiranahresort-toyosu.com/  ■時間：11～15時,AQMkAGYxMDMxYzE5LWQwNTYtNDFkMC1hY2I0LTJkMzE4MzZmYzZiMgBGAAADe3XHpKovcEqjZAJVVJl8FQcAOLdD3RpSp0ia9G3iSC8mxgAAAgENAAAAOLdD3RpSp0ia9G3iSC8mxgAE3QEP-AAAAA==
2027,2027-05-18,2027-05-18,BBQ,社内イベント,■場所：キラナガーデン豊洲　CABINエリア 〒135-0061 東京都江東区豊洲６丁目５−２７ https://www.kiranahresort-toyosu.com/  ■時間：11～15時,AQMkAGYxMDMxYzE5LWQwNTYtNDFkMC1hY2I0LTJkMzE4MzZmYzZiMgBGAAADe3XHpKovcEqjZAJVVJl8FQcAOLdD3RpSp0ia9G3iSC8mxgAAAgENAAAAOLdD3RpSp0ia9G3iSC8mxgAE3QEQFwAAAA==
2027,2027-05-18,2027-05-18,BBQ,社内イベント,■場所：キラナガーデン豊洲　CABINエリア 〒135-0061 東京都江東区豊洲６丁目５−２７ https://www.kiranahresort-toyosu.com/  ■時間：11～15時,AQMkAGYxMDMxYzE5LWQwNTYtNDFkMC1hY2I0LTJkMzE4MzZmYzZiMgBGAAADe3XHpKovcEqjZAJVVJl8FQcAOLdD3RpSp0ia9G3iSC8mxgAAAgENAAAAOLdD3RpSp0ia9G3iSC8mxgAE3QEQMgAAAA==
2027,2027-06-25,2027-08-01,（仮）日本建築家協会 優秀建築選_応募期間,アワード,2026年は未発表  ※参考　2025年応募要項 https://www.jia.or.jp/jia-official/cms/wp-content/uploads/2025/06/b6818375777350f7bf6124f640a61272.pdf,AQMkAGYxMDMxYzE5LWQwNTYtNDFkMC1hY2I0LTJkMzE4MzZmYzZiMgBGAAADe3XHpKovcEqjZAJVVJl8FQcAOLdD3RpSp0ia9G3iSC8mxgAAAgENAAAAOLdD3RpSp0ia9G3iSC8mxgAE3QEP-QAAAA==
2027,2027-06-25,2027-08-01,（仮）日本建築家協会 優秀建築選_応募期間,アワード,2026年は未発表  ※参考　2025年応募要項 https://www.jia.or.jp/jia-official/cms/wp-content/uploads/2025/06/b6818375777350f7bf6124f640a61272.pdf,AQMkAGYxMDMxYzE5LWQwNTYtNDFkMC1hY2I0LTJkMzE4MzZmYzZiMgBGAAADe3XHpKovcEqjZAJVVJl8FQcAOLdD3RpSp0ia9G3iSC8mxgAAAgENAAAAOLdD3RpSp0ia9G3iSC8mxgAE3QEQGAAAAA==
2027,2027-06-25,2027-08-01,（仮）日本建築家協会 優秀建築選_応募期間,アワード,2026年は未発表  ※参考　2025年応募要項 https://www.jia.or.jp/jia-official/cms/wp-content/uploads/2025/06/b6818375777350f7bf6124f640a61272.pdf,AQMkAGYxMDMxYzE5LWQwNTYtNDFkMC1hY2I0LTJkMzE4MzZmYzZiMgBGAAADe3XHpKovcEqjZAJVVJl8FQcAOLdD3RpSp0ia9G3iSC8mxgAAAgENAAAAOLdD3RpSp0ia9G3iSC8mxgAE3QEQMwAAAA==
2027,2027-06-30,2027-06-30,グッドデザイン賞_一次審査結果,アワード,https://www.g-mark.org/apply/gda/guide/outlines,AQMkAGYxMDMxYzE5LWQwNTYtNDFkMC1hY2I0LTJkMzE4MzZmYzZiMgBGAAADe3XHpKovcEqjZAJVVJl8FQcAOLdD3RpSp0ia9G3iSC8mxgAAAgENAAAAOLdD3RpSp0ia9G3iSC8mxgAE3QEP-gAAAA==
2027,2027-06-30,2027-06-30,グッドデザイン賞_一次審査結果,アワード,https://www.g-mark.org/apply/gda/guide/outlines,AQMkAGYxMDMxYzE5LWQwNTYtNDFkMC1hY2I0LTJkMzE4MzZmYzZiMgBGAAADe3XHpKovcEqjZAJVVJl8FQcAOLdD3RpSp0ia9G3iSC8mxgAAAgENAAAAOLdD3RpSp0ia9G3iSC8mxgAE3QEQGQAAAA==
2027,2027-06-30,2027-06-30,グッドデザイン賞_一次審査結果,アワード,https://www.g-mark.org/apply/gda/guide/outlines,AQMkAGYxMDMxYzE5LWQwNTYtNDFkMC1hY2I0LTJkMzE4MzZmYzZiMgBGAAADe3XHpKovcEqjZAJVVJl8FQcAOLdD3RpSp0ia9G3iSC8mxgAAAgENAAAAOLdD3RpSp0ia9G3iSC8mxgAE3QEQNAAAAA==
2027,2027-06-30,2027-07-07,グッドデザイン賞_二次審査情報_登録期間,アワード,,AQMkAGYxMDMxYzE5LWQwNTYtNDFkMC1hY2I0LTJkMzE4MzZmYzZiMgBGAAADe3XHpKovcEqjZAJVVJl8FQcAOLdD3RpSp0ia9G3iSC8mxgAAAgENAAAAOLdD3RpSp0ia9G3iSC8mxgAE3QEP-wAAAA==
2027,2027-06-30,2027-07-07,グッドデザイン賞_二次審査情報_登録期間,アワード,,AQMkAGYxMDMxYzE5LWQwNTYtNDFkMC1hY2I0LTJkMzE4MzZmYzZiMgBGAAADe3XHpKovcEqjZAJVVJl8FQcAOLdD3RpSp0ia9G3iSC8mxgAAAgENAAAAOLdD3RpSp0ia9G3iSC8mxgAE3QEQGgAAAA==
2027,2027-06-30,2027-07-07,グッドデザイン賞_二次審査情報_登録期間,アワード,,AQMkAGYxMDMxYzE5LWQwNTYtNDFkMC1hY2I0LTJkMzE4MzZmYzZiMgBGAAADe3XHpKovcEqjZAJVVJl8FQcAOLdD3RpSp0ia9G3iSC8mxgAAAgENAAAAOLdD3RpSp0ia9G3iSC8mxgAE3QEQNQAAAA==
2027,2027-07-01,2027-09-30,夏休み取得期間,GYRO休み,,AQMkAGYxMDMxYzE5LWQwNTYtNDFkMC1hY2I0LTJkMzE4MzZmYzZiMgBGAAADe3XHpKovcEqjZAJVVJl8FQcAOLdD3RpSp0ia9G3iSC8mxgAAAgENAAAAOLdD3RpSp0ia9G3iSC8mxgAE3QEPnAAAAA==
2027,2027-07-01,2027-09-30,夏休み取得期間,GYRO休み,,AQMkAGYxMDMxYzE5LWQwNTYtNDFkMC1hY2I0LTJkMzE4MzZmYzZiMgBGAAADe3XHpKovcEqjZAJVVJl8FQcAOLdD3RpSp0ia9G3iSC8mxgAAAgENAAAAOLdD3RpSp0ia9G3iSC8mxgAE3QEPtQAAAA==
2027,2027-07-01,2027-09-30,夏休み取得期間,GYRO休み,,AQMkAGYxMDMxYzE5LWQwNTYtNDFkMC1hY2I0LTJkMzE4MzZmYzZiMgBGAAADe3XHpKovcEqjZAJVVJl8FQcAOLdD3RpSp0ia9G3iSC8mxgAAAgENAAAAOLdD3RpSp0ia9G3iSC8mxgAE3QEPzgAAAA==
2027,2027-07-01,2027-09-30,夏休み取得期間,GYRO休み,,AQMkAGYxMDMxYzE5LWQwNTYtNDFkMC1hY2I0LTJkMzE4MzZmYzZiMgBGAAADe3XHpKovcEqjZAJVVJl8FQcAOLdD3RpSp0ia9G3iSC8mxgAAAgENAAAAOLdD3RpSp0ia9G3iSC8mxgAE3QEP5wAAAA==
2027,2027-07-01,2027-09-30,夏休み取得期間,GYRO休み,,AQMkAGYxMDMxYzE5LWQwNTYtNDFkMC1hY2I0LTJkMzE4MzZmYzZiMgBGAAADe3XHpKovcEqjZAJVVJl8FQcAOLdD3RpSp0ia9G3iSC8mxgAAAgENAAAAOLdD3RpSp0ia9G3iSC8mxgAE3QEQAAAB
2027,2027-07-01,2027-09-30,夏休み取得期間,GYRO休み,,AQMkAGYxMDMxYzE5LWQwNTYtNDFkMC1hY2I0LTJkMzE4MzZmYzZiMgBGAAADe3XHpKovcEqjZAJVVJl8FQcAOLdD3RpSp0ia9G3iSC8mxgAAAgENAAAAOLdD3RpSp0ia9G3iSC8mxgAE3QEQGwAAAA==
2027,2027-07-01,2027-09-30,夏休み取得期間,GYRO休み,,AQMkAGYxMDMxYzE5LWQwNTYtNDFkMC1hY2I0LTJkMzE4MzZmYzZiMgBGAAADe3XHpKovcEqjZAJVVJl8FQcAOLdD3RpSp0ia9G3iSC8mxgAAAgENAAAAOLdD3RpSp0ia9G3iSC8mxgAE3QEQNgAAAA==
2027,2027-07-05,2027-07-05,二級建築士_学科,資格,,AQMkAGYxMDMxYzE5LWQwNTYtNDFkMC1hY2I0LTJkMzE4MzZmYzZiMgBGAAADe3XHpKovcEqjZAJVVJl8FQcAOLdD3RpSp0ia9G3iSC8mxgAAAgENAAAAOLdD3RpSp0ia9G3iSC8mxgAE3QEQAQAAAA==
2027,2027-07-05,2027-07-05,二級建築士_学科,資格,,AQMkAGYxMDMxYzE5LWQwNTYtNDFkMC1hY2I0LTJkMzE4MzZmYzZiMgBGAAADe3XHpKovcEqjZAJVVJl8FQcAOLdD3RpSp0ia9G3iSC8mxgAAAgENAAAAOLdD3RpSp0ia9G3iSC8mxgAE3QEQHAAAAA==
2027,2027-07-05,2027-07-05,二級建築士_学科,資格,,AQMkAGYxMDMxYzE5LWQwNTYtNDFkMC1hY2I0LTJkMzE4MzZmYzZiMgBGAAADe3XHpKovcEqjZAJVVJl8FQcAOLdD3RpSp0ia9G3iSC8mxgAAAgENAAAAOLdD3RpSp0ia9G3iSC8mxgAE3QEQNwAAAA==
2027,2027-07-26,2027-07-26,一級建築士_学科,資格,,AQMkAGYxMDMxYzE5LWQwNTYtNDFkMC1hY2I0LTJkMzE4MzZmYzZiMgBGAAADe3XHpKovcEqjZAJVVJl8FQcAOLdD3RpSp0ia9G3iSC8mxgAAAgENAAAAOLdD3RpSp0ia9G3iSC8mxgAE3QEQAgAAAA==
2027,2027-07-26,2027-07-26,一級建築士_学科,資格,,AQMkAGYxMDMxYzE5LWQwNTYtNDFkMC1hY2I0LTJkMzE4MzZmYzZiMgBGAAADe3XHpKovcEqjZAJVVJl8FQcAOLdD3RpSp0ia9G3iSC8mxgAAAgENAAAAOLdD3RpSp0ia9G3iSC8mxgAE3QEQHQAAAA==
2027,2027-07-26,2027-07-26,一級建築士_学科,資格,,AQMkAGYxMDMxYzE5LWQwNTYtNDFkMC1hY2I0LTJkMzE4MzZmYzZiMgBGAAADe3XHpKovcEqjZAJVVJl8FQcAOLdD3RpSp0ia9G3iSC8mxgAAAgENAAAAOLdD3RpSp0ia9G3iSC8mxgAE3QEQOAAAAA==
2027,2027-08-01,2027-12-01,（仮）ADFデザイン_応募期間,アワード,2026年は未発表  ※参考：2025年情報 https://www.adf.or.jp/adfaward/?id=1756161125-291108,AQMkAGYxMDMxYzE5LWQwNTYtNDFkMC1hY2I0LTJkMzE4MzZmYzZiMgBGAAADe3XHpKovcEqjZAJVVJl8FQcAOLdD3RpSp0ia9G3iSC8mxgAAAgENAAAAOLdD3RpSp0ia9G3iSC8mxgAE3QEQAwAAAA==
2027,2027-08-01,2027-12-01,（仮）ADFデザイン_応募期間,アワード,2026年は未発表  ※参考：2025年情報 https://www.adf.or.jp/adfaward/?id=1756161125-291108,AQMkAGYxMDMxYzE5LWQwNTYtNDFkMC1hY2I0LTJkMzE4MzZmYzZiMgBGAAADe3XHpKovcEqjZAJVVJl8FQcAOLdD3RpSp0ia9G3iSC8mxgAAAgENAAAAOLdD3RpSp0ia9G3iSC8mxgAE3QEQHgAAAA==
2027,2027-08-01,2027-12-01,（仮）ADFデザイン_応募期間,アワード,2026年は未発表  ※参考：2025年情報 https://www.adf.or.jp/adfaward/?id=1756161125-291108,AQMkAGYxMDMxYzE5LWQwNTYtNDFkMC1hY2I0LTJkMzE4MzZmYzZiMgBGAAADe3XHpKovcEqjZAJVVJl8FQcAOLdD3RpSp0ia9G3iSC8mxgAAAgENAAAAOLdD3RpSp0ia9G3iSC8mxgAE3QEQOQAAAA==
2027,2027-08-25,2027-08-25,グッドデザイン賞_二次審査結果,アワード,,AQMkAGYxMDMxYzE5LWQwNTYtNDFkMC1hY2I0LTJkMzE4MzZmYzZiMgBGAAADe3XHpKovcEqjZAJVVJl8FQcAOLdD3RpSp0ia9G3iSC8mxgAAAgENAAAAOLdD3RpSp0ia9G3iSC8mxgAE3QEQBAAAAA==
2027,2027-08-25,2027-08-25,グッドデザイン賞_二次審査結果,アワード,,AQMkAGYxMDMxYzE5LWQwNTYtNDFkMC1hY2I0LTJkMzE4MzZmYzZiMgBGAAADe3XHpKovcEqjZAJVVJl8FQcAOLdD3RpSp0ia9G3iSC8mxgAAAgENAAAAOLdD3RpSp0ia9G3iSC8mxgAE3QEQHwAAAA==
2027,2027-08-25,2027-08-25,グッドデザイン賞_二次審査結果,アワード,,AQMkAGYxMDMxYzE5LWQwNTYtNDFkMC1hY2I0LTJkMzE4MzZmYzZiMgBGAAADe3XHpKovcEqjZAJVVJl8FQcAOLdD3RpSp0ia9G3iSC8mxgAAAgENAAAAOLdD3RpSp0ia9G3iSC8mxgAE3QEQOgAAAA==
2027,2027-08-25,2027-09-01,グッドデザイン賞_公開情報・受賞展展示情報の登録期間,アワード,,AQMkAGYxMDMxYzE5LWQwNTYtNDFkMC1hY2I0LTJkMzE4MzZmYzZiMgBGAAADe3XHpKovcEqjZAJVVJl8FQcAOLdD3RpSp0ia9G3iSC8mxgAAAgENAAAAOLdD3RpSp0ia9G3iSC8mxgAE3QEQBQAAAA==
2027,2027-08-25,2027-09-01,グッドデザイン賞_公開情報・受賞展展示情報の登録期間,アワード,,AQMkAGYxMDMxYzE5LWQwNTYtNDFkMC1hY2I0LTJkMzE4MzZmYzZiMgBGAAADe3XHpKovcEqjZAJVVJl8FQcAOLdD3RpSp0ia9G3iSC8mxgAAAgENAAAAOLdD3RpSp0ia9G3iSC8mxgAE3QEQIAAAAA==
2027,2027-08-25,2027-09-01,グッドデザイン賞_公開情報・受賞展展示情報の登録期間,アワード,,AQMkAGYxMDMxYzE5LWQwNTYtNDFkMC1hY2I0LTJkMzE4MzZmYzZiMgBGAAADe3XHpKovcEqjZAJVVJl8FQcAOLdD3RpSp0ia9G3iSC8mxgAAAgENAAAAOLdD3RpSp0ia9G3iSC8mxgAE3QEQOwAAAA==
2027,2027-09-13,2027-09-13,二級建築士_製図,資格,,AQMkAGYxMDMxYzE5LWQwNTYtNDFkMC1hY2I0LTJkMzE4MzZmYzZiMgBGAAADe3XHpKovcEqjZAJVVJl8FQcAOLdD3RpSp0ia9G3iSC8mxgAAAgENAAAAOLdD3RpSp0ia9G3iSC8mxgAE3QEQBgAAAA==
2027,2027-09-13,2027-09-13,二級建築士_製図,資格,,AQMkAGYxMDMxYzE5LWQwNTYtNDFkMC1hY2I0LTJkMzE4MzZmYzZiMgBGAAADe3XHpKovcEqjZAJVVJl8FQcAOLdD3RpSp0ia9G3iSC8mxgAAAgENAAAAOLdD3RpSp0ia9G3iSC8mxgAE3QEQIQAAAA==
2027,2027-09-13,2027-09-13,二級建築士_製図,資格,,AQMkAGYxMDMxYzE5LWQwNTYtNDFkMC1hY2I0LTJkMzE4MzZmYzZiMgBGAAADe3XHpKovcEqjZAJVVJl8FQcAOLdD3RpSp0ia9G3iSC8mxgAAAgENAAAAOLdD3RpSp0ia9G3iSC8mxgAE3QEQPAAAAA==
2027,2027-10-11,2027-10-11,一級建築士_製図,資格,,AQMkAGYxMDMxYzE5LWQwNTYtNDFkMC1hY2I0LTJkMzE4MzZmYzZiMgBGAAADe3XHpKovcEqjZAJVVJl8FQcAOLdD3RpSp0ia9G3iSC8mxgAAAgENAAAAOLdD3RpSp0ia9G3iSC8mxgAE3QEQBwAAAA==
2027,2027-10-11,2027-10-11,一級建築士_製図,資格,,AQMkAGYxMDMxYzE5LWQwNTYtNDFkMC1hY2I0LTJkMzE4MzZmYzZiMgBGAAADe3XHpKovcEqjZAJVVJl8FQcAOLdD3RpSp0ia9G3iSC8mxgAAAgENAAAAOLdD3RpSp0ia9G3iSC8mxgAE3QEQIgAAAA==
2027,2027-10-11,2027-10-11,一級建築士_製図,資格,,AQMkAGYxMDMxYzE5LWQwNTYtNDFkMC1hY2I0LTJkMzE4MzZmYzZiMgBGAAADe3XHpKovcEqjZAJVVJl8FQcAOLdD3RpSp0ia9G3iSC8mxgAAAgENAAAAOLdD3RpSp0ia9G3iSC8mxgAE3QEQPQAAAA==
2027,2027-10-15,2027-10-15,グッドデザイン賞_受賞発表,アワード,,AQMkAGYxMDMxYzE5LWQwNTYtNDFkMC1hY2I0LTJkMzE4MzZmYzZiMgBGAAADe3XHpKovcEqjZAJVVJl8FQcAOLdD3RpSp0ia9G3iSC8mxgAAAgENAAAAOLdD3RpSp0ia9G3iSC8mxgAE3QEQCAAAAA==
2027,2027-10-15,2027-10-15,グッドデザイン賞_受賞発表,アワード,,AQMkAGYxMDMxYzE5LWQwNTYtNDFkMC1hY2I0LTJkMzE4MzZmYzZiMgBGAAADe3XHpKovcEqjZAJVVJl8FQcAOLdD3RpSp0ia9G3iSC8mxgAAAgENAAAAOLdD3RpSp0ia9G3iSC8mxgAE3QEQIwAAAA==
2027,2027-10-15,2027-10-15,グッドデザイン賞_受賞発表,アワード,,AQMkAGYxMDMxYzE5LWQwNTYtNDFkMC1hY2I0LTJkMzE4MzZmYzZiMgBGAAADe3XHpKovcEqjZAJVVJl8FQcAOLdD3RpSp0ia9G3iSC8mxgAAAgENAAAAOLdD3RpSp0ia9G3iSC8mxgAE3QEQPgAAAA==
2027,2027-12-11,2027-12-11,（仮）GYRO AWARD 2026,社内イベント,,AQMkAGYxMDMxYzE5LWQwNTYtNDFkMC1hY2I0LTJkMzE4MzZmYzZiMgBGAAADe3XHpKovcEqjZAJVVJl8FQcAOLdD3RpSp0ia9G3iSC8mxgAAAgENAAAAOLdD3RpSp0ia9G3iSC8mxgAE3QEQCQAAAA==
2027,2027-12-11,2027-12-11,（仮）GYRO AWARD 2026,社内イベント,,AQMkAGYxMDMxYzE5LWQwNTYtNDFkMC1hY2I0LTJkMzE4MzZmYzZiMgBGAAADe3XHpKovcEqjZAJVVJl8FQcAOLdD3RpSp0ia9G3iSC8mxgAAAgENAAAAOLdD3RpSp0ia9G3iSC8mxgAE3QEQJAAAAA==
2027,2027-12-11,2027-12-11,（仮）GYRO AWARD 2026,社内イベント,,AQMkAGYxMDMxYzE5LWQwNTYtNDFkMC1hY2I0LTJkMzE4MzZmYzZiMgBGAAADe3XHpKovcEqjZAJVVJl8FQcAOLdD3RpSp0ia9G3iSC8mxgAAAgENAAAAOLdD3RpSp0ia9G3iSC8mxgAE3QEQPwAAAA==
2027,2027-12-29,2028-01-04,（仮）年末年始休暇,GYRO休み,,AQMkAGYxMDMxYzE5LWQwNTYtNDFkMC1hY2I0LTJkMzE4MzZmYzZiMgBGAAADe3XHpKovcEqjZAJVVJl8FQcAOLdD3RpSp0ia9G3iSC8mxgAAAgENAAAAOLdD3RpSp0ia9G3iSC8mxgAE3QEQCgAAAA==
2027,2027-12-29,2028-01-04,（仮）年末年始休暇,GYRO休み,,AQMkAGYxMDMxYzE5LWQwNTYtNDFkMC1hY2I0LTJkMzE4MzZmYzZiMgBGAAADe3XHpKovcEqjZAJVVJl8FQcAOLdD3RpSp0ia9G3iSC8mxgAAAgENAAAAOLdD3RpSp0ia9G3iSC8mxgAE3QEQCwAAAA==
2027,2027-12-29,2028-01-04,（仮）年末年始休暇,GYRO休み,,AQMkAGYxMDMxYzE5LWQwNTYtNDFkMC1hY2I0LTJkMzE4MzZmYzZiMgBGAAADe3XHpKovcEqjZAJVVJl8FQcAOLdD3RpSp0ia9G3iSC8mxgAAAgENAAAAOLdD3RpSp0ia9G3iSC8mxgAE3QEQJQAAAA==
2027,2027-12-29,2028-01-04,（仮）年末年始休暇,GYRO休み,,AQMkAGYxMDMxYzE5LWQwNTYtNDFkMC1hY2I0LTJkMzE4MzZmYzZiMgBGAAADe3XHpKovcEqjZAJVVJl8FQcAOLdD3RpSp0ia9G3iSC8mxgAAAgENAAAAOLdD3RpSp0ia9G3iSC8mxgAE3QEQJgAAAA==
2027,2027-12-29,2028-01-04,（仮）年末年始休暇,GYRO休み,,AQMkAGYxMDMxYzE5LWQwNTYtNDFkMC1hY2I0LTJkMzE4MzZmYzZiMgBGAAADe3XHpKovcEqjZAJVVJl8FQcAOLdD3RpSp0ia9G3iSC8mxgAAAgENAAAAOLdD3RpSp0ia9G3iSC8mxgAE3QEQQAAAAA==
2027,2027-12-29,2028-01-04,（仮）年末年始休暇,GYRO休み,,AQMkAGYxMDMxYzE5LWQwNTYtNDFkMC1hY2I0LTJkMzE4MzZmYzZiMgBGAAADe3XHpKovcEqjZAJVVJl8FQcAOLdD3RpSp0ia9G3iSC8mxgAAAgENAAAAOLdD3RpSp0ia9G3iSC8mxgAE3QEQQQAAAA==
2028,2027-12-29,2028-01-04,（仮）年末年始休暇,GYRO休み,,AQMkAGYxMDMxYzE5LWQwNTYtNDFkMC1hY2I0LTJkMzE4MzZmYzZiMgBGAAADe3XHpKovcEqjZAJVVJl8FQcAOLdD3RpSp0ia9G3iSC8mxgAAAgENAAAAOLdD3RpSp0ia9G3iSC8mxgAE3QEQCgAAAA==
2028,2027-12-29,2028-01-04,（仮）年末年始休暇,GYRO休み,,AQMkAGYxMDMxYzE5LWQwNTYtNDFkMC1hY2I0LTJkMzE4MzZmYzZiMgBGAAADe3XHpKovcEqjZAJVVJl8FQcAOLdD3RpSp0ia9G3iSC8mxgAAAgENAAAAOLdD3RpSp0ia9G3iSC8mxgAE3QEQCwAAAA==
2028,2027-12-29,2028-01-04,（仮）年末年始休暇,GYRO休み,,AQMkAGYxMDMxYzE5LWQwNTYtNDFkMC1hY2I0LTJkMzE4MzZmYzZiMgBGAAADe3XHpKovcEqjZAJVVJl8FQcAOLdD3RpSp0ia9G3iSC8mxgAAAgENAAAAOLdD3RpSp0ia9G3iSC8mxgAE3QEQJQAAAA==
2028,2027-12-29,2028-01-04,（仮）年末年始休暇,GYRO休み,,AQMkAGYxMDMxYzE5LWQwNTYtNDFkMC1hY2I0LTJkMzE4MzZmYzZiMgBGAAADe3XHpKovcEqjZAJVVJl8FQcAOLdD3RpSp0ia9G3iSC8mxgAAAgENAAAAOLdD3RpSp0ia9G3iSC8mxgAE3QEQJgAAAA==
2028,2027-12-29,2028-01-04,（仮）年末年始休暇,GYRO休み,,AQMkAGYxMDMxYzE5LWQwNTYtNDFkMC1hY2I0LTJkMzE4MzZmYzZiMgBGAAADe3XHpKovcEqjZAJVVJl8FQcAOLdD3RpSp0ia9G3iSC8mxgAAAgENAAAAOLdD3RpSp0ia9G3iSC8mxgAE3QEQQAAAAA==
2028,2027-12-29,2028-01-04,（仮）年末年始休暇,GYRO休み,,AQMkAGYxMDMxYzE5LWQwNTYtNDFkMC1hY2I0LTJkMzE4MzZmYzZiMgBGAAADe3XHpKovcEqjZAJVVJl8FQcAOLdD3RpSp0ia9G3iSC8mxgAAAgENAAAAOLdD3RpSp0ia9G3iSC8mxgAE3QEQQQAAAA==
